"capacity development		",,
1,beekeeping,2019-11-21 21:44
2,cashew and fruit tree planting,2019-11-21 21:44
3,sustainable forest management techniques,2019-11-21 21:44
4,seed collection,2019-11-22 21:44
5,development of private forest plantations,2019-11-21 21:44
6,awareness and educational programs on forests for climate change mitigation and adaptation,2019-11-21 21:44
7,improved cooking stores,2019-11-21 21:44
8,fruit tree grafting,2019-11-21 21:44
9,transformation and conservation tchniques,2019-11-21 21:44
10,other,2019-11-21 21:44
